id,age,gender,profession,quadrant,type,content,category
1,40歲以上,M,發明家／咖啡機製造,Q1,被迫適應者 Forced Adapters,40歲跌到谷底，躲在工廠不敢回家。在逃避現實中意外啟發了機械天賦，自製咖啡機並在2023年法國發明展獲銀牌。沒有相關學歷，完全自學，有閱讀障礙且不會用電腦。,餐飲 / 生活
2,30-40歲,M,保鏢,Q3,熱情追尋者 Passionate Seekers,19歲以為會當歷史老師，38歲看到烏克蘭打仗跑去當志願役，現在在香港當保鏢。認為只要問心無愧地走下去就對了。,特殊職涯 / 非典型
3,40歲以上,M,麻將大師／麻將館經營者,Q4,意外發現者 Accidental Naturals,10歲過年被騙上桌打麻將，意外發現自己很會打。47歲拿了多個麻將大師冠軍，副業經營麻將館。,創業 / 商業
4,20-30歲,M,說書人／公司創辦人,Q3,熱情追尋者 Passionate Seekers,28歲跟朋友聊到想當說書人，朋友說「那你去公園說說看啊」。從此一路說到現在，成為全職說書人並創辦公司培養更多說書人。,創作者 / 藝術
5,30-40歲,F,縫紉師,Q1,被迫適應者 Forced Adapters,33歲人生跌到谷底時去學了縫紉，上課後才發現自己的天賦。學成後以縫紉作為人生志業。,手作 / 工藝
6,30-40歲,,紙藝創作者,Q3,熱情追尋者 Passionate Seekers,國中開始就對紙藝有興趣。36歲開始投入寫實動物紙藝，100%全心投入。有主業，紙藝想用來療癒更多人。,創作者 / 藝術
7,30-40歲,F,寵物美容師,Q3,熱情追尋者 Passionate Seekers,36歲辭掉安穩工作，投入寵物美容。快滿20年了還是非常喜歡。,設計 / 美學
8,30-40歲,,廢墟攝影師,Q3,熱情追尋者 Passionate Seekers,研究所畢業後在徬徨期接觸攝影，最初因為喜歡的人而開始，後來獨立愛上這件事。在人生中找到一件讓自己充滿熱情的事已經很美好。,創作者 / 藝術
9,20-30歲,,藝術創作者,Q3,熱情追尋者 Passionate Seekers,29歲工程師離職，38歲每天持續創作。找到能把溫暖帶給人的方法，持續反饋到自己身上。,創作者 / 藝術
10,30-40歲,,熱氣球飛行員,Q4,意外發現者 Accidental Naturals,30歲時以為世界末日，異想天開想搭熱氣球環遊世界，後來真的成為熱氣球飛行員。,運動 / 戶外
11,20-30歲,F,帆船運動員／倡議者,Q3,熱情追尋者 Passionate Seekers,2021年接觸帆船後一發不可收拾，成為台灣帆船賽大滿貫隊伍唯一女船員。雖曾在航行中落海，但更堅定追夢的心，目標挑戰2027年單人跨大西洋賽。,運動 / 戶外
12,20歲以下,F,創業者／多元職涯,Q1,被迫適應者 Forced Adapters,2歲被認為是音樂神童，國中手受傷失去天賦，父親三年不跟她說話。經歷編輯、婚顧、寫作等，最後在戶頭只剩四千多元時意外創業，十幾年過去才發現之前的經歷都不是浪費。,創業 / 商業
13,40歲以上,M,卡車司機／創業者,Q2,策略轉型者 Strategic Pivoters,45歲，認為大多數人不是先發現天賦才努力，而是為了活下去把一件無感的事做到極致，回頭看才發現那就是本事。天賦是活下來之後才有資格貼的標籤。,創業 / 商業
14,30-40歲,F,居家清潔師／收納整理師,Q4,意外發現者 Accidental Naturals,32歲因原發性手抖無法從事美業，抱著試試看的心情做清潔。被稱讚「很細心」，客戶口碑帶動下獨立接案，半年內收入成長三倍。後來增加收納整理和到府煮菜服務。,餐飲 / 生活
15,20歲以下,,全職改作文,Q4,意外發現者 Accidental Naturals,18歲去作文補習班打工，意外發現自己改作文很快、一天改十多小時也不會崩潰。全職改作文至今十多年，從沒遇過同行。,教育 / 顧問
16,20-30歲,M,滑雪學校／民宿經營者,Q3,熱情追尋者 Passionate Seekers,29歲在澳洲打工度假選了滑雪場，發現喜歡滑雪。十年後在日本開民宿和滑雪學校。,創業 / 商業
17,20-30歲,F,手作鉤織創作者,Q3,熱情追尋者 Passionate Seekers,22歲大學畢業後獨自經營手作鉤織，從設計、製作到拍攝一人完成。,創作者 / 藝術
18,30-40歲,F,影視化妝師,Q4,意外發現者 Accidental Naturals,大學讀企管，畢業後才發現很享受幫人化妝。15年後成為《華燈初上》化妝師，還被楊謹華指定為私人化妝師。,設計 / 美學
19,30-40歲,,農夫／農業創業者,Q4,意外發現者 Accidental Naturals,35歲被朋友說服返鄉務農，一開始網路完全沒訂單。36歲開始擺攤後發現客人會給滿滿的情緒價值，開始喜歡農業，即將邁入第10年。,創業 / 商業
20,30-40歲,F,作家（翻譯成7國語言）,Q4,意外發現者 Accidental Naturals,36歲在辦公室快窒息，覺得自己沒任何專長。偶遇出版社編輯，出版了一本職場內向者的書，被翻譯成七國語言、賣了二十幾萬本。但她還是不確定內向算不算天賦。,創作者 / 藝術
21,30-40歲,F,手作饅頭師,Q4,意外發現者 Accidental Naturals,2019年生孩子後因疫情無法繼續代購工作。為了給孩子健康食物，意外開啟手作饅頭之路，現在變成職業。,手作 / 工藝
22,20-30歲,,投資者,Q3,熱情追尋者 Passionate Seekers,23歲發現只要好好投資就不太會餓死，從此做事不太在意勞務報酬。認為「我現在做的事對自己有什麼意義」這個問題每個人都會有。,金融 / 投資
23,30-40歲,,料理愛好者（非職業）,Q3,熱情追尋者 Passionate Seekers,從小因母親多病進出廚房，30幾歲後才感受到自己有多熱愛料理和烘焙。為家人煮飯是生活中最滿足的事，但純屬興趣。,餐飲 / 生活
24,30-40歲,,羊毛氈藝術家（業餘）,Q3,熱情追尋者 Passionate Seekers,35歲左右接觸羊毛氈，目前在上培訓課，希望以後能展出作品。有正職工作撐著，能當業餘藝術家就好。,創作者 / 藝術
25,30-40歲,,植物店老闆,Q4,意外發現者 Accidental Naturals,原本做室內設計做到很煩，某天突然很想種菜。結果瘋狂研究植物，被室友趕去租溫室，自立門戶。短短五六年的事，人生永遠不知道會走到哪。,創業 / 商業
26,20-30歲,,（幽默回應）,Q4,意外發現者 Accidental Naturals,27歲，天賦：很會花錢。,探索中 / 尚未定義
27,40歲以上,M,Podcast主持人,Q4,意外發現者 Accidental Naturals,本來一輩子當工程師，被說沒有私生活。後來跟朋友錄Podcast，被財經節目邀請，發現人生有夠荒謬但有趣。,創作者 / 藝術
28,20-30歲,F,空中瑜珈老師／鉤針老師,Q3,熱情追尋者 Passionate Seekers,28歲接觸空中瑜珈後愛上，一年半考了國際證照。同時28歲開始玩鉤針，也開始教課至今一年多。,教育 / 顧問
29,30-40歲,M,軟體工程師／潛水地圖開發者,Q2,策略轉型者 Strategic Pivoters,35歲轉職當軟體工程師。因學潛水發現泰國潛水產業數位化不足，自己動手做了Thailand Dive Map。,工程 / 科技
30,30-40歲,,留言觀察者,Q3,熱情追尋者 Passionate Seekers,看完留言發現大部分人都在30歲後找到方向，30歲前的焦慮是必經過程。帶著探索和負責的心情前進。,特殊職涯 / 非典型
31,20-30歲,,遊戲翻譯師,Q2,策略轉型者 Strategic Pivoters,發現自己很愛打遊戲又有語言能力，結合起來做遊戲翻譯養活自己。,探索中 / 尚未定義
32,20-30歲,F,水晶藝術設計師,Q1,被迫適應者 Forced Adapters,27歲經歷家庭、感情、工作各種PUA，甚至想結束一切。裸辭後做過平面設計，後來順著興趣做水晶藝術設計，才發現天賦在這裡。,創作者 / 藝術
33,30-40歲,M,好萊塢視覺特效師,Q3,熱情追尋者 Passionate Seekers,從小喜歡畫畫，大學因分數念了財金系。被阿凡達、漫威特效吸引，退伍後轉學特效。38歲參與過《乘乘風破浪》《黑豹2》《乘奇異博士》等電影特效製作。,影音 / 媒體
34,20-30歲,F,珠寶設計師,Q3,熱情追尋者 Passionate Seekers,25歲離開行政職投入珠寶設計，前六個月幾乎沒訂單。默默耕耘四年多，今年多了客製化珠寶的機會。相信忠於自己的設計，總會有欣賞的人出現。,設計 / 美學
35,30-40歲,M,復健科醫師／滑雪運動醫學,Q3,熱情追尋者 Passionate Seekers,35歲復健科醫師，從小愛滑雪但沒時間。學長一句「為什麼不結合起來」，開始全力投入滑雪運動醫學，舉辦超過20場講座。在診間聽到病人滑雪受傷反而很開心（誤）。,運動 / 戶外
36,20-30歲,F,餐飲店老闆,Q4,意外發現者 Accidental Naturals,28歲離開台積電接觸餐飲業，被第一位店長稱讚學東西很快。新人到店長只花兩個月，後來有了自己的小店。感謝當時店長的鼓勵。,創業 / 商業
37,30-40歲,,編劇（金馬獎入圍）,Q3,熱情追尋者 Passionate Seekers,33歲才寫出人生第一個劇本並拿到補助。大學和研究所都與電影無關，靠大量看片和外面課程自學。努力永遠不晚。,創作者 / 藝術
38,30-40歲,,專案經理,Q4,意外發現者 Accidental Naturals,做業務賺到錢但壓力大、身體搞垮。轉當秘書發現溝通協調能力強，後來轉到PM領域得到很好的發展。建議用心觀察自己幾個月，記錄擅長和開心的事。,探索中 / 尚未定義
39,30-40歲,,（人生哲理分享）,Q2,策略轉型者 Strategic Pivoters,肯德基爺爺65歲才開始賣炸雞。分享者35歲轉職工程師。認為沒有天賦不天賦，做了開心的事就是你的禮物。,探索中 / 尚未定義
40,30-40歲,M,音樂人／金鐘獎主持人,Q3,熱情追尋者 Passionate Seekers,30歲第一次寫歌，35歲第一次主持，40歲拿金鐘獎。生活從沒百分百餘裕，但對每件事都120%投入。認為沒有100%投入這回事，只有「當下120%的投入」才是真的。,創作者 / 藝術
41,30-40歲,M,水果批發商,Q1,被迫適應者 Forced Adapters,15歲接觸市場，前半段只是混時間。家人離世後接手，才發現喜歡跟人接觸。賣東西是附加，面對不同客群得到的觀點與收穫才是一直做下去的原因。,創業 / 商業
42,20-30歲,M,IFBB自然健美世界冠軍,Q3,熱情追尋者 Passionate Seekers,10歲發現喜歡肌肉酸痛的感覺。19歲才知道有健美比賽，26歲拿下IFBB職業卡，27歲成為世界冠軍。不需要想太多，把喜歡的事做到極致就會找到目標。,運動 / 戶外
43,30-40歲,F,足部服務內容創作者,Q4,意外發現者 Accidental Naturals,原本是無聊的行政內勤，生完小孩自信低落時被稱讚腳好看，從此開啟這個領域，做了快十年，比之前所有工作都久。,創作者 / 藝術
44,20歲以下,M,球鞋店／潮流店老闆,Q3,熱情追尋者 Passionate Seekers,13歲開始瘋狂找球鞋，買到所有人都認識他。從賣球鞋到開店，再到中國當球鞋博主，接近潮流球鞋產業頂端。每天還是在買球鞋。,創業 / 商業
45,30-40歲,F,曼陀羅石藝術家,Q4,意外發現者 Accidental Naturals,十幾年前看到一篇網路農場文說有人在石頭上畫曼陀羅，想說「應該不難吧」，結果畫了十幾年。,創作者 / 藝術
46,30-40歲,M,旅行社老闆（秘魯）,Q3,熱情追尋者 Passionate Seekers,29歲前一直當業務，受不了辭職去峇里島。嘗試過Amazon賣珍奶、皮拉提斯教練。31歲來到秘魯開旅行社，把前面所有累積的技能整合在一起。當事業能當飯吃的時候再來談熱情。,創業 / 商業
47,20-30歲,F,蠟燭藝術家／工作室經營者,Q3,熱情追尋者 Passionate Seekers,25歲裸辭行銷工作，覺得人生沒意義。意外接觸蠟燭工藝直接愛上，經營手作工作室邁向第五年。做喜歡的事體感時間超快。,創作者 / 藝術
48,40歲以上,F,命理師（紫微斗數＋塔羅）,Q3,熱情追尋者 Passionate Seekers,24歲自學紫微斗數，30歲全職命理創業，兩天學會塔羅。現在43歲，用紫微斗數解答國運和股市分析，每年在師大教課。超愛教課。,靈性 / 命理
49,20歲以下,,全職作家／多重天賦者,Q4,意外發現者 Accidental Naturals,5歲被發現藝術天賦，7歲作文被刊登校刊，8歲代表學校比賽。職場後被發現適合做精品編輯。現在是全職作家。,創作者 / 藝術
50,20-30歲,F,美容師（10年經驗）,Q4,意外發現者 Accidental Naturals,從事美容第二年發現自己很容易偵測到客人身體的痠痛點和原因。強調天賦只是一部分，更重要的是如何運用和放大它。,設計 / 美學
51,30-40歲,,尚未找到天賦,Q4,意外發現者 Accidental Naturals,33歲還沒找到天賦。以前羨慕各種有才華的人，後來想想也許出廠設定就是沒有點天賦。有兩個小孩，在國營事業上班，沒有天賦好像也沒關係。,探索中 / 尚未定義
52,40歲以上,M,卡車銷售／工廠經營（非洲）,Q1,被迫適應者 Forced Adapters,28歲被派去非洲覺得待不下去，回台開雞排店賺了幾百萬。40歲重回非洲創業賣卡車，目標五年內帶家人去美國定居。,探索中 / 尚未定義
53,20歲以下,F,小說家／自由工作者,Q3,熱情追尋者 Passionate Seekers,11歲看小說不爽結局，覺得自己寫得更好看。16歲出版第一本小說，大學四年連續出版。失意時看回自己作品還是覺得好好看。,創作者 / 藝術
54,20-30歲,F,護膚專家,Q4,意外發現者 Accidental Naturals,27歲突然發現自己超會清粉刺，手感超好。下班後100%投入學習皮膚學，從副業經營到全職。31歲還是覺得很神奇。,探索中 / 尚未定義
55,20-30歲,M,手工車店老闆,Q3,熱情追尋者 Passionate Seekers,從小喜歡畫畫讀設計，畢業後跑去學鐵工被家人酸。24歲迷上手工車，29歲開店，還拿了比賽獎項。,創業 / 商業
56,20-30歲,F,攝影師／製作公司老闆,Q3,熱情追尋者 Passionate Seekers,高中愛上咖啡成為咖啡師，疫情後轉攝影。得了獎、上了電視，但也經歷焦慮症和憂鬱症。透過禪修和專業治療幾近痊癒。跌倒受傷會懷疑人生，但回頭看有成長就夠了。,創作者 / 藝術
57,20-30歲,F,寵物保姆,Q3,熱情追尋者 Passionate Seekers,28歲突然想往寵物保姆發展，第三個月直接裸辭。快滿一年，感謝自己的決定。,寵物 / 動物
58,40歲以上,,翻譯師／中文教師,Q4,意外發現者 Accidental Naturals,天生記性好，特別是中文和圖像。讀中文系、寫作、當中文教師。離開香港後記憶力依然對新工作很有幫助。,探索中 / 尚未定義
59,40歲以上,,創業者（整合能力）,Q2,策略轉型者 Strategic Pivoters,40歲發現自己有整合的能力，秉持營業3小時賺8小時的錢。找到跟別人的差異和提前佈署的能力。,創業 / 商業
60,20-30歲,F,舞者／舞蹈治療師（進行中）,Q3,熱情追尋者 Passionate Seekers,家人強迫念護理，一邊念一邊跟憂鬱搏鬥。24歲決定要結束時問自己什麼事能讓她繼續活著，答案是跳舞。29歲出國念舞蹈治療，32歲還在路上。,醫療 / 心理
61,20-30歲,,創業者,Q3,熱情追尋者 Passionate Seekers,23歲發現一份薪水能做三人份的工作，決定自己奴役自己。目前籌備公司中。,創業 / 商業
62,40歲以上,,民宿設計師,Q4,意外發現者 Accidental Naturals,40歲沒什麼天賦，但喜歡民宿的美好。一路做到今天，幫屋主成家的感覺蠻好的。,設計 / 美學
63,20-30歲,F,拳擊手套設計師,Q3,熱情追尋者 Passionate Seekers,24歲接觸拳擊，覺得所有手套都不好用，自己設計了一個。28歲國外開始有討論，但台灣銷量掛蛋，還是很迷茫。,設計 / 美學
64,40歲以上,,音樂創業者,Q3,熱情追尋者 Passionate Seekers,快40歲，鼓勵把困惑當成動力。喜歡音樂20年，做遍所有音樂相關的事。今年開了公司，還是有困惑但願意繼續探索。,創作者 / 藝術
65,20-30歲,F,游泳教練／美術老師／健身房老闆,Q4,意外發現者 Accidental Naturals,一路先做再選擇：救生員、游泳教練、畫畫老師、獨木舟教練、健身教練。跟美甲師夥伴開了複合式工作室。每個人都有自己的時區。,教育 / 顧問
66,30-40歲,F,心理健康倡議者／諮詢師,Q1,被迫適應者 Forced Adapters,躁鬱症患者，19歲發病後反覆住院。經歷婚姻破裂，但不放棄學習。發現擅長傾聽和同理，開辦身心疾病關懷社團和談心工作室。公視紀錄片入圍金鐘獎。,醫療 / 心理
67,40歲以上,,轉職中的求職者,Q3,熱情追尋者 Passionate Seekers,40歲放棄月收近五萬的工作，選擇低薪工作來進修轉職。面試被洗臉，但覺得要先有專業和含金量，有錢才能有選擇。,探索中 / 尚未定義
68,30-40歲,F,命理師／生命教練,Q1,被迫適應者 Forced Adapters,33歲前經歷各種PUA，失去健康，差點走上絕路。遇到貴人幫助找回健康，踏上命理師的道路，想成為能接住別人的人。,教育 / 顧問
69,30-40歲,F,花店老闆,Q4,意外發現者 Accidental Naturals,從小喜歡花草但家裡有金融事業要接班。以為大家都會花藝，去上課後發現自己用看的就能理解。開了店、教學、拿國際證照、合作頂級品牌。,創業 / 商業
70,20歲以下,,多重熱情創業者,Q3,熱情追尋者 Passionate Seekers,小學發現第一項熱愛，國中第二項。大學認真執行，畢業後結合天賦和熱愛創業。永遠以200%的精力在享受工作。,創業 / 商業
71,30-40歲,,物理治療師／動作科學家,Q3,熱情追尋者 Passionate Seekers,本業物理治療師結合運動興趣，用動作科學串起所有專長。讓興趣結合職業和生活，目前還算開心。,醫療 / 心理
72,20歲以下,M,髮型設計師／舞者,Q3,熱情追尋者 Passionate Seekers,16歲剪到一個難看的頭，心想「有那麼難嗎」。22歲重新開始跳舞。認為天賦就是興趣，因為有興趣才能一直幹下去。,設計 / 美學
73,20歲以下,M,後端工程師（三份工作）,Q2,策略轉型者 Strategic Pivoters,高中意外考太高，成績倒數。轉而在資訊科目努力，做出天賦。27歲有三份程式工作，每天工作12小時起跳，很累但很喜歡。,工程 / 科技
74,20歲以下,F,聲音產業工作者／廣播主持人,Q3,熱情追尋者 Passionate Seekers,高中發現喜歡聲音產業，投入五六年。沒有天賦但持續努力，獲得了成就和溫暖支持。目前工作之一是廣播主持。,創作者 / 藝術
75,30-40歲,F,整理師,Q3,熱情追尋者 Passionate Seekers,33歲嘗試各種課程和書籍探索自己，決定成為整理師。佛系兼職，今年終於成為主要收入來源。,探索中 / 尚未定義
76,20歲以下,F,美甲師／美業創業者,Q3,熱情追尋者 Passionate Seekers,18歲發現超喜歡美業，到現在快9年。開了公司和兩層樓店面，還打算繼續擴張。,設計 / 美學
77,30-40歲,,自我探索倡導者,Q3,熱情追尋者 Passionate Seekers,推薦系統化探索天賦的書籍。36歲還在摸索，但開始了解自己想要什麼和什麼帶來成就感。,探索中 / 尚未定義
78,20-30歲,F,琉璃藝術創業者,Q3,熱情追尋者 Passionate Seekers,26歲離開公家機關，27歲創業做琉璃藝術。路很艱辛但忙碌充實也快樂，希望推廣台灣在地工藝。,創作者 / 藝術
79,30-40歲,,非營利組織創辦人,Q3,熱情追尋者 Passionate Seekers,30歲職業倦怠，因緣際會成立非營利組織。過程中還是會倦怠和迷茫，但做喜歡的事總會有轉機。,探索中 / 尚未定義
80,30-40歲,,擁抱持續改變者,Q3,熱情追尋者 Passionate Seekers,熱情每2-3年在變，但願意投入的就是持續改變跟進步。100%投入每次改變，看似差異很遠的點也會連成線。,探索中 / 尚未定義
81,40歲以上,F,按摩師,Q3,熱情追尋者 Passionate Seekers,48歲來美國，因為自己很愛按摩所以去上了550小時按摩課。一週工作3-4天，非常投入。,探索中 / 尚未定義
82,20歲以下,M,導演／內容創作者,Q4,意外發現者 Accidental Naturals,11歲學校測驗說未來可以當導演，被同學笑。17歲開始拍影片。22歲走火入魔愛上攝影。現在跟網紅藝人拍攝創作，實現了11歲的測驗結果。,創作者 / 藝術
83,20歲以下,,西瓜達人（幽默）,Q4,意外發現者 Accidental Naturals,大約10歲在市場發現自己可以靠手感分辨西瓜的水分。47歲了買西瓜時還是知道這個秘密。,探索中 / 尚未定義
84,20-30歲,F,美甲店老闆,Q3,熱情追尋者 Passionate Seekers,23歲疫情最嚴重時零客源直接開美甲店。大家都不看好，但結果開得很成功。,設計 / 美學
85,40歲以上,F,水晶療癒師／占卜師,Q1,被迫適應者 Forced Adapters,42歲離婚帶三個小孩，邊工作邊打工。走過風雨後投入心理學和占卜，現在用水晶搭配占卜引導迷惘的人。錢夠用就好，每天過得很快樂。,探索中 / 尚未定義
86,20歲以下,M,房仲店長,Q3,熱情追尋者 Passionate Seekers,17歲休學覺得能力配不上想要的薪水，嘗試了近30份工作。19歲被分手後立志要成為厲害的人。20歲踏入仲介，去年拿千萬經紀人，今年當店長。,創業 / 商業
87,20-30歲,,身心靈老師／設計師,Q4,意外發現者 Accidental Naturals,17歲開了陰陽眼，27歲當設計師找不到成就感。兩年前衝動辭職走身心靈老師的路，現在做人生藍圖諮詢和品牌策劃。,設計 / 美學
88,20-30歲,F,美甲師／品牌創辦人,Q3,熱情追尋者 Passionate Seekers,22歲學美甲，23歲開工作室，25歲開店，31歲創立自有品牌。,設計 / 美學
89,20歲以下,,設計愛好者／手工車製作,Q3,熱情追尋者 Passionate Seekers,從小喜歡畫畫，讀設計科系。畢業後學鐵工被家人酸，24歲迷上手工車，29歲開手工車店，拿了比賽獎項。,設計 / 美學
90,20歲以下,F,手作飾品創業者,Q4,意外發現者 Accidental Naturals,19歲為了市集報告買了珠珠，越做越有心得，直接做到申辦行號營登商標註冊。,創業 / 商業
91,30-40歲,,職涯諮詢師／培訓公司創辦人,Q3,熱情追尋者 Passionate Seekers,高中開始思考未來，第一份工作發現喜歡協助別人找方向。現在是超過十年經驗的職涯諮詢師，也開了培訓公司。,教育 / 顧問
92,30-40歲,F,空服員面試教練,Q3,熱情追尋者 Passionate Seekers,25歲從澳洲回來一次考上三家航空公司。後來幫網友準備面試也都考上。堅持不用AI，靠自己做完整教材，一對一客製化教學。看到學生傳來好消息時很開心。,教育 / 顧問
93,20歲以下,M,攝影師（國際獎項100+）,Q3,熱情追尋者 Passionate Seekers,19歲買相機自學攝影，拍了十七年。累積超過一百座國際攝影獎項。後來才明白自己的天賦本來就在攝影，不是在其他事情上。,創作者 / 藝術
94,20-30歲,M,生活風格創業者,Q3,熱情追尋者 Passionate Seekers,28歲前追求高薪，28歲後覺得人生只有上班沒意義。創業三年多，一週只開3-4天，只賺夠快樂花就好。不是為了賺錢才創業，是為了享受人生才離職。,創業 / 商業
95,30-40歲,M,全職投資者,Q3,熱情追尋者 Passionate Seekers,29歲立志35歲離開職場。每天下班後6小時學投資，發現會快速進入心流。去年35歲目標達成，離職當專職投資者。,金融 / 投資
96,20歲以下,F,寵物美容師／動物農場工作者,Q3,熱情追尋者 Passionate Seekers,從小愛動物到把爸媽氣死。學了畜牧獸醫，做了21年寵物美容。後來轉職到動物農場，很曬很累很髒但真的好喜歡。,設計 / 美學
97,20-30歲,M,海洋垃圾非營利組織創辦人,Q3,熱情追尋者 Passionate Seekers,24歲休學創業軟體公司，在龍目島遇到一個小女孩說來台灣當外勞是她的夢想。28歲在峇里島創辦海洋垃圾非營利組織，用直接的方式解決海洋垃圾和貧富差距。,探索中 / 尚未定義
98,40歲以上,M,職業畫家（國際展出）,Q3,熱情追尋者 Passionate Seekers,16歲立志當畫家。41歲賣房走完歐洲65個美術館自學油畫。59歲關掉月收30萬的畫室，創立畫派當職業畫家，取得慕尼黑美術館合作。台灣沒名，國際很重視。,創作者 / 藝術
99,30-40歲,F,毛根手作花店老闆,Q4,意外發現者 Accidental Naturals,30歲跟先生和媽媽在都有正職的情況下斜槓經營手作花店。一開始不覺得有天賦，做了之後才發現各自擅長的地方。,創業 / 商業
100,30-40歲,M,金工師（澳洲）,Q3,熱情追尋者 Passionate Seekers,原本在台灣做金飾鑑定回收，跟女友來澳洲後開拓金工教學。八年了還沒倦怠，喜歡協助大家製作屬於自己的戒指。,探索中 / 尚未定義
101,20歲以下,,設計系學生,Q1,被迫適應者 Forced Adapters,大一拍的作業被全班和老師笑。當下決定要努力學好設計和攝影。,設計 / 美學
102,20歲以下,M,音樂人／潛水愛好者,Q3,熱情追尋者 Passionate Seekers,11歲開始彈吉他就覺得會玩一輩子。23歲開錄音室。29歲接觸潛水感受到久違的熱愛。天賦就在自己的熱情所在。,創作者 / 藝術
103,20-30歲,M,3D建模師（視障者）,Q3,熱情追尋者 Passionate Seekers,24歲接受自己有視障的缺陷，但不想活在恐懼裡。每天學習3D建模，想把自己的視界分享給大家。,工程 / 科技
104,20歲以下,F,手作飾品創業者,Q4,意外發現者 Accidental Naturals,19歲為做市集報告買珠珠，越做越有心得，直接做到有行號和商標。,創業 / 商業
105,30-40歲,,職涯諮詢師,Q3,熱情追尋者 Passionate Seekers,高中開始思考未來，發現喜歡幫人找方向。超過十年接案經驗，也開了職涯諮詢師培訓公司。,醫療 / 心理
106,30-40歲,F,電腦刺繡品牌創辦人,Q3,熱情追尋者 Passionate Seekers,22歲到33歲嘗試過百貨陳列、服飾品牌設計、自創品牌。33歲接觸電腦刺繡覺得是人生使命。經歷疫情、股東退出、團隊瓦解仍堅持到40歲。,創業 / 商業
107,30-40歲,F,花藝師,Q1,被迫適應者 Forced Adapters,在電商工作15年。很親近的下屬輕生讓她走不出來半年，後來接觸花藝被療癒，35歲決定投入花藝。覺得老天會鋪一條路給每個人。,探索中 / 尚未定義
108,20歲以下,,工程師（但愛藝術）,Q3,熱情追尋者 Passionate Seekers,出生後就對藝術著迷，追著藝術跑。結果成為了工程師。自嘲天賦不是藝術本身，而是熱愛藝術的腦袋。,創作者 / 藝術
109,20-30歲,F,塔羅牌／水晶銷售,Q3,熱情追尋者 Passionate Seekers,25歲學塔羅當副業，收入慢慢超過正職就離職專做。六年多了，把生活主導權還給自己，覺得挺值得。,靈性 / 命理
110,30-40歲,F,身心靈諮詢師／命理師,Q4,意外發現者 Accidental Naturals,33歲迷惘去找前世今生老師，被說有教導天賦。後來學了coaching，做HR幫公司轉型培養人才。迷惘就是靠近天賦的開始。,醫療 / 心理
111,20-30歲,M,餐廳老闆（可麗餅起家）,Q3,熱情追尋者 Passionate Seekers,本來想開電玩店，19歲進餐飲業後喜歡上內場的變化和節奏。從路邊可麗餅到早午餐到全日餐館，一路求新求變經營至今。,創業 / 商業
112,20-30歲,,多元運動教練／工作室老闆,Q4,意外發現者 Accidental Naturals,一路先上路再選擇：救生員、游泳教練、畫畫老師、獨木舟教練、健身教練。跟夥伴開了複合式工作室。,教育 / 顧問
113,30-40歲,F,躁鬱症患者轉心理諮詢師,Q1,被迫適應者 Forced Adapters,19歲發病反覆住院，經歷婚姻破裂。發現擅長傾聽和同理，開辦關懷社團和諮詢工作室，公視紀錄片入圍金鐘獎。,醫療 / 心理
114,30-40歲,,全職投資者／佛學修行者,Q3,熱情追尋者 Passionate Seekers,31歲投入全職交易。38歲疫情期間讀佛經，開始每天念佛。加入助念志工團。投資和念佛是此生兩大志業。,靈性 / 命理
115,20-30歲,,電影發行／OTT平台工作者,Q3,熱情追尋者 Passionate Seekers,喜歡看電影但不想拍片。畢業後去澳洲一年思考人生，回來進電影發行公司，現在每天工作就是看電影。,探索中 / 尚未定義
116,20歲以下,F,果醬創業者,Q3,熱情追尋者 Passionate Seekers,19歲發現自己在廚房能忘記時間。將無毒柑橘製成威士忌柑橘醬，大二直接休學創業。12年了從果醬女孩變果醬媽咪，希望做到果醬阿嬤。,創業 / 商業
117,20-30歲,,電商創業者,Q3,熱情追尋者 Passionate Seekers,26歲進電商公司，發現自己可以研究市場到忘記吃飯。下班後工作到清晨六點覺得很有趣。36歲年營業額7200萬、24名員工。,創業 / 商業
118,20歲以下,M,跑者,Q3,熱情追尋者 Passionate Seekers,16歲前從不運動，16歲開始跑步減肥，越跑越遠。疫情期間開始跑山，一跑30幾公里。還沒強大到以跑步謀生，但願意100%投入。,探索中 / 尚未定義
119,30-40歲,,自由文字工作者,Q3,熱情追尋者 Passionate Seekers,一直喜歡故事和敘事。第一份工作當媒體編輯，輾轉換公司。現在全職文字接案。不喜歡的環境就離開，技能到位就不用限縮自己。,探索中 / 尚未定義
120,30-40歲,M,全職攝影師,Q3,熱情追尋者 Passionate Seekers,30歲離開穩定工作全職攝影。40歲了不後悔。從小對美的直覺很強，挑東西永遠最貴。在光線、選照片、調色上特別得心應手。,創作者 / 藝術
121,30-40歲,,日本節目智慧,Q3,熱情追尋者 Passionate Seekers,引用85歲日本老奶奶的話：「夢想不是用來實現的，而是要全心投入其中。如果你能全心投入眼前的事，那就等於身處夢想之中。」,探索中 / 尚未定義
122,20-30歲,M,運動員紀錄者,Q3,熱情追尋者 Passionate Seekers,在美國和希臘都待過，但發現台灣才是最喜歡的地方。現在100%投入去看見台灣不為人知的運動員。,運動 / 戶外
123,40歲以上,F,退休投資者／世界旅行者,Q2,策略轉型者 Strategic Pivoters,沒有天賦，但有韌性和毅力。數十年努力工作、省吃儉用、投資，55歲退休。現在到世界各地自助旅遊。（61歲老婦路過）,金融 / 投資
124,20-30歲,F,經絡調理師,Q4,意外發現者 Accidental Naturals,19-30歲當英文老師，因身體酸痛離職。去調理經絡覺得太有效了，把積蓄40萬全部拿去學，六個月考到證照。43歲又開始買起司，人生的十字路口轉彎也會看到不一樣的自己。,探索中 / 尚未定義
125,30-40歲,M,剪紙藝術家／玻璃彩繪師,Q3,熱情追尋者 Passionate Seekers,39歲，以剪紙和玻璃彩繪為生已經10年。小時候就知道有美術天賦，但從沒想過會以此為業。在藝術中找到安靜和安定，值得義無反顧經營。,創作者 / 藝術
126,20-30歲,M,美髮設計師／沙龍老闆,Q3,熱情追尋者 Passionate Seekers,小學二年級被欺負，換了新髮型後人際關係改善，決定長大要當設計師。從業11年，29歲開店。夥伴還代表台灣拿了亞洲冠軍。,設計 / 美學
127,30-40歲,,自學建築師,Q4,意外發現者 Accidental Naturals,33歲發現有建築天賦，非本科系。第一次學藍圖就自己蓋完一案，70%自己安排。得到許多機關單位認可。,探索中 / 尚未定義
128,30-40歲,M,保全人員,Q4,意外發現者 Accidental Naturals,38歲在台北當保全。很多人叫他不要做太久，但他發現自己無法接受高壓工作，保全是他能勝任且做得長久的。從29歲做到現在。,探索中 / 尚未定義
129,30-40歲,,皮件職人,Q3,熱情追尋者 Passionate Seekers,大約30歲接觸皮件，每天下班做到半夜、假日也不出門做一整天。發現真的很熱愛，最後當成職業做了十幾年。,探索中 / 尚未定義
130,30-40歲,F,手作飾品設計師,Q1,被迫適應者 Forced Adapters,讀設計但屢屢在職場碰壁，陷在「我怎麼這麼沒用」的想法裡。開始做手作飾品，將自己設計的飾品實際做出來很療癒。收入還不足以完全支撐生活但找回了自信。,設計 / 美學
131,30-40歲,,天賦與熱情的反思,Q3,熱情追尋者 Passionate Seekers,認為天賦不會變但願意100%投入的事會因眼界而變。30歲前有全心投入的事，30歲後視野拓展就變了。33歲還在探索，認為認識天賦可能優先於找事做。,探索中 / 尚未定義
132,30-40歲,F,英文老師,Q4,意外發現者 Accidental Naturals,國中高中英文都很爛，沒上過補習班。被厲害的大學教授和家教老師啟蒙後，才發現英文天賦，後來成為專業英文教師。,教育 / 顧問
133,20-30歲,F,性教育講師／研究者,Q3,熱情追尋者 Passionate Seekers,大四為了作品集創立了IG性教育平台。發現人格特質符合助人工作，轉讀性學研究所。五年來講過上百場課，進入機構校園協助兒少。講課時會發光。,教育 / 顧問
134,30-40歲,F,專業講師,Q4,意外發現者 Accidental Naturals,34歲育嬰假結束，入職後一個月意外站台講產品說明會，開啟講師天賦。自學至今13年，受眾從10人變成400人。嘗試沒做過的事才能看到隱藏的潛能。,教育 / 顧問
135,30-40歲,F,電腦刺繡品牌創辦人,Q3,熱情追尋者 Passionate Seekers,從百貨陳列做到服飾設計師，中間無數次懷疑自己。33歲接觸電腦刺繡覺得是人生使命。經歷疫情和團隊瓦解仍堅持到40歲。,創業 / 商業
136,30-40歲,F,攝影師（自學成功）,Q4,意外發現者 Accidental Naturals,全職媽媽時開始拍小孩寫部落格，自學修圖。別人問她有沒有在幫人拍照，硬著頭皮接案。從4500元做到一日超過十萬。35歲開始接案，天賦不是憑空掉下來的，是熱情讓你熬出頭。,創作者 / 藝術
137,20-30歲,F,身心靈工作者,Q4,意外發現者 Accidental Naturals,22歲在醫院被「卡到」，開始探索靈擺、塔羅，到現在做身心靈教學和創作。真的好快樂。,探索中 / 尚未定義
138,40歲以上,M,47歲仍在迷惘,Q4,意外發現者 Accidental Naturals,47歲依然不知道想幹嘛或擅長什麼。做一份能勝任的工作，僅此而已。安慰原PO：34歲還困惑不要怕，大13歲一樣困惑但活得好好的。,探索中 / 尚未定義
139,30-40歲,,34歲同樣迷惘,Q3,熱情追尋者 Passionate Seekers,跟原PO同齡，即使選擇有興趣的事，腦袋還是不斷問「什麼才值得100%投入」。覺得把生活變有趣、感覺值得咀嚼的時刻，可能就是活得有意義的時候。,探索中 / 尚未定義
140,20歲以下,F,塔羅牌師,Q3,熱情追尋者 Passionate Seekers,17歲學了塔羅，25歲了還是沒膩，好喜歡，要算一輩子。,靈性 / 命理
141,30-40歲,,探索ikigai中,Q3,熱情追尋者 Passionate Seekers,接近32歲，從28歲開始探索自己的calling。還沒找到但在過程中更認識自己。目前正在努力探索ikigai。,工程 / 科技
142,30-40歲,F,花農,Q1,被迫適應者 Forced Adapters,爸爸直接空投一塊花田當遺產，說要遺產就自己把花換成錢。隔月辭職回來種田。基本上就是不小心點到NPC被丟了大型任務，雖然很問號但遊戲還是玩得下去。,探索中 / 尚未定義
143,30-40歲,,天賦框架思考者,Q3,熱情追尋者 Passionate Seekers,認為很多人把興趣當天賦在找。天賦不是「你喜歡做什麼」而是「你做事時什麼能力特別突出」。例如把抽象概念變成具體圖像的能力才是天賦，不是畫畫這個興趣。,探索中 / 尚未定義
144,20-30歲,M,自媒體創業者,Q3,熱情追尋者 Passionate Seekers,大學覺得無意義，25歲自媒體創業找到價值和收入。遇到貴人很重要，敢踏出那一步更重要。,影音 / 媒體
145,20歲以下,F,採購專員,Q4,意外發現者 Accidental Naturals,18歲就發現自己很有購物天賦，之後都只應徵採購工作。,探索中 / 尚未定義
146,20歲以下,,藝術家／設計師,Q3,熱情追尋者 Passionate Seekers,爸爸家族有藝術天分，媽媽也喜歡藝術，家中大量藝術書籍。小一就立志做藝術家，一直朝那個方向走。,創作者 / 藝術
147,30-40歲,F,收納達人（非職業）,Q4,意外發現者 Accidental Naturals,五六歲就知道自己有空間收納技能，但到32歲都沒拿來賺過錢。不過住在台北，這個技能省了很多錢。,餐飲 / 生活
148,30-40歲,F,38歲仍在尋找,Q3,熱情追尋者 Passionate Seekers,38歲離開待6年的工作，還在尋找方向的路上。,探索中 / 尚未定義
149,30-40歲,,不務正業多元工作者,Q3,熱情追尋者 Passionate Seekers,發現自己喜歡不務正業但什麼都學很快。循環做花藝、烘咖啡、雕塑。雖然不精，但經過時間磨練也精了。,多元斜槓
150,30-40歲,,音樂愛好者,Q3,熱情追尋者 Passionate Seekers,不確定天賦是什麼，只知道努力工作是為了能一輩子彈樂器和去日本看演唱會。,創作者 / 藝術
151,30-40歲,,天賦即持續的興趣,Q3,熱情追尋者 Passionate Seekers,認為天賦就是持續的興趣。有念頭就先動起來，過程中會發現奇妙的狀態和志同道合的夥伴。,探索中 / 尚未定義
152,30-40歲,F,芳療師,Q3,熱情追尋者 Passionate Seekers,媽媽是企業秘書40歲轉職芳療。從小看媽媽的芳療書和服務客人，10歲就想走芳療領域。經歷各種波折，35歲在養生館工作但夢想是回到個人工作室。,探索中 / 尚未定義
153,20歲以下,F,瑜珈老師（頂級客戶）,Q1,被迫適應者 Forced Adapters,小時候想學舞蹈被刷掉。19歲開始學瑜珈，25歲爭取到精緻瑜珈教室實習。後來台灣超級巨星和知名企業主都成為她的學生。感激當時被刷掉才有機會慢下來。,教育 / 顧問
154,20歲以下,F,鋼琴老師／音樂教授,Q4,意外發現者 Accidental Naturals,6歲發現音樂天賦，聽過的曲子就能彈出來。但第一個老師不專業，浪費了好幾年用錯方法練習。現在教大學音樂，強調即使有天賦，啟蒙老師更更更重要。,創作者 / 藝術
155,20-30歲,M,遊戲改碼者,Q4,意外發現者 Accidental Naturals,疫情期間在家，打開遊戲的Java編碼發現竟然看得懂。投入了修改BUG的世界，開遊戲給朋友玩，補貼了不少生活費。,探索中 / 尚未定義
156,20-30歲,F,婚禮企劃主持人,Q3,熱情追尋者 Passionate Seekers,22歲踏入婚禮產業。之前做什麼工作3個月就會厭煩，但婚禮完成後心靈充滿能量。26歲確定這是本命。做了10年，每次前往婚禮現場依舊興奮和期待。,創作者 / 藝術
157,20-30歲,F,服裝設計師／寄賣店老闆,Q3,熱情追尋者 Passionate Seekers,國小說想當服裝設計師，一路從美術班到服裝設計系。28歲開了寄賣店，把學過的木工、油漆、手作全部放在店裡。什麼都學不精但都在進步中。,設計 / 美學
158,40歲以上,,作家／商業顧問（80/20法則）,Q3,熱情追尋者 Passionate Seekers,在廣告公司一路做到總經理但不開心。用80/20法則找到自己花最少力氣卻做得最好的那20%。將經驗寫成書。,創作者 / 藝術
159,30-40歲,,旅遊創作者,Q3,熱情追尋者 Passionate Seekers,30歲離職全心投入旅遊創作。34歲還很年輕，希望每個人都能找到屬於自己的一片天。,創作者 / 藝術
160,20歲以下,,長期從業者,Q3,熱情追尋者 Passionate Seekers,16歲踏入某領域到現在。不敢說是天賦，只知道做著做著就開了一間店。此時此刻很肯定自己的選擇。,探索中 / 尚未定義
161,30-40歲,F,職涯諮詢師,Q3,熱情追尋者 Passionate Seekers,30歲後開始探索這個問題。學校課本沒有教自我探索，所以去研究並取得職涯諮詢師證照。認為自我探索永遠不嫌晚。,醫療 / 心理
162,40歲以上,F,陶笛演奏家／品牌創辦人,Q4,意外發現者 Accidental Naturals,40歲接觸陶笛，不到兩年拿了大賽冠軍。認為重點不是碰上有興趣的事，而是突然知道自己「是什麼」。創立了自己的陶笛品牌，自己研究製作。建議自我探索，去了解內在深處。,創業 / 商業
163,20歲以下,M,程式工程師,Q3,熱情追尋者 Passionate Seekers,國中寫程式存在隨身碟，忘了帶走去教官室拿鑰匙時說「這比我的命還重要」。那瞬間意識到這輩子都要做這件事。到現在工作多年依舊熱愛寫程式。,工程 / 科技
164,20歲以下,F,瑜珈老師,Q3,熱情追尋者 Passionate Seekers,19-24歲當職業軍人，覺得不是自己想要的。試過保險和直銷，最後到養生館工作邊累積瑜珈教學。31歲成為全職瑜珈老師。,教育 / 顧問
165,30-40歲,M,拳館老闆,Q1,被迫適應者 Forced Adapters,退伍後一直被職場壓榨，懷疑努力有沒有用。一直有在練拳但告訴自己興趣不能當飯吃。開始教拳時戶頭只剩幾百塊，每堂課都在倒貼。後來發現拳館成了迷惘的人可以安全抒發的地方。,創業 / 商業
166,30-40歲,F,39歲發現多重天賦,Q3,熱情追尋者 Passionate Seekers,到三四年前才開始想活著，今年才第一次持續有活著的感覺。發現很多天賦都不是直觀可見的，來自長長的生命累積。每個生命都有各自的時程。,多元斜槓
167,20-30歲,F,翻譯師,Q3,熱情追尋者 Passionate Seekers,28歲邊上班邊上翻譯課程。經朋友介紹得到審書機會，感受到翻譯的樂趣。雖然不確定是天賦，但翻譯的當下很開心。,探索中 / 尚未定義
168,20歲以下,M,影像創作者／導演,Q4,意外發現者 Accidental Naturals,11歲學校測驗說可以當導演被同學笑。17歲拍影片，22歲愛上攝影。現在跟藝人網紅合作拍攝，實現了當年的測驗結果。,創作者 / 藝術
169,30-40歲,M,廣告導演／影像公司創辦人,Q3,熱情追尋者 Passionate Seekers,從軍官轉創業，成立影像公司。前兩年吃老本沒案子，後來靠自學和自媒體行銷做了五年越來越穩定。現在過的日子就是夢想。,影音 / 媒體
170,20歲以下,M,程式工程師／網站開發,Q3,熱情追尋者 Passionate Seekers,12歲在沒有社群媒體的年代學做網站，就是為了想紅。後來成為賺錢工具。,工程 / 科技
171,20-30歲,F,活動企劃,Q4,意外發現者 Accidental Naturals,24歲被傳喚當證人要寫工作經歷，警察問她為什麼跳來跳去。她反射回答「不管什麼產業我都是做活動企劃」，才發現自己一直在無意識地選擇擅長的事。,探索中 / 尚未定義
172,30-40歲,F,天賦諮詢師／作家／Podcaster,Q1,被迫適應者 Forced Adapters,從旅行作家到各種工作，失去專欄收入後迷惘。30天火車環島、視網膜剝離差點失明。考了天賦諮詢師證照。現在一邊上班一邊經營自媒體和Podcast。,創作者 / 藝術
173,30-40歲,F,古董店老闆,Q4,意外發現者 Accidental Naturals,18歲想當表演藝術家。35歲用指尖感覺到古董的高頻振動，開了古董店。每天幫古董寫劇本拍影片，從演員變成古董擺渡人。,創業 / 商業
174,20-30歲,M,通用設計師／視障音樂軟體教師,Q4,意外發現者 Accidental Naturals,出生後有不同的回憶，天生對聲音和科技研發有興趣。視障者，結合音樂和科技。現在是通用設計師和視障者數位音樂教師，正在往創業方向走。,創作者 / 藝術
175,20-30歲,,PC遊戲產業工作者,Q4,意外發現者 Accidental Naturals,失業後臨時找的工作，發現自己蠻適合的，做了第六年。,探索中 / 尚未定義
176,20歲以下,F,美甲師,Q3,熱情追尋者 Passionate Seekers,19歲愛上美甲，全職至今11年。,設計 / 美學
177,30-40歲,M,美髮設計師,Q3,熱情追尋者 Passionate Seekers,15歲愛抓頭髮，設計師問要不要去學。一學發現連洗頭都覺得好玩，到37歲還是很喜歡。,設計 / 美學
178,20-30歲,F,消防員,Q3,熱情追尋者 Passionate Seekers,大學教授說「也許你可以藉由嘗試知道自己不想要什麼」。多方嘗試後因消防替代役踏入消防員領域，快十年了很喜歡第一線工作。,探索中 / 尚未定義
179,30-40歲,,賈伯斯哲學信奉者,Q3,熱情追尋者 Passionate Seekers,還在困惑中。相信賈伯斯的connecting the dots，持續努力不怕做選擇，總有一天所有事情都會連起來。,探索中 / 尚未定義
180,20-30歲,,Etsy店主,Q3,熱情追尋者 Passionate Seekers,今年開了Etsy小店。覺得34歲仍可以嘗試不同方向，少跟別人比較。人生遊戲很自由，開心就好。,創業 / 商業
181,30-40歲,F,等待找到方向的伴侶,Q3,熱情追尋者 Passionate Seekers,37歲還沒找到方向。看到老公事業越來越好會焦慮。但看著先生26歲荒唐到36歲突然開竅，所以不急。,探索中 / 尚未定義
182,30-40歲,,管理者,Q4,意外發現者 Accidental Naturals,當上司後發現自己對操縱人心很得心應手。下屬盡心盡力幫忙跟進工作。阿嬤說「沒有用在歧途就可以了」。,探索中 / 尚未定義
183,20-30歲,F,Podcast創作者,Q3,熱情追尋者 Passionate Seekers,9歲開始對聲音好奇，29歲開設Podcast分享心靈故事。希望有天能鼓勵到孤單無力的人，讓他們感受溫暖和被同理。,創作者 / 藝術
184,30-40歲,F,想嘗試但還沒開始,Q3,熱情追尋者 Passionate Seekers,38歲已是媽媽但還沒找到方向。覺得缺少勇氣又想太多。最近有想踏出第一步。,探索中 / 尚未定義
185,20-30歲,,職涯諮詢師（進行中）,Q3,熱情追尋者 Passionate Seekers,20歲開始探索，22歲確認方向，28歲還在讓它能支撐生活。職涯諮詢師。,醫療 / 心理
186,30-40歲,F,轉職中的手作創作者夫妻,Q3,熱情追尋者 Passionate Seekers,一對正在努力不當NPC的夫妻。30歲後開始找尋自我，其中一位從零接觸手作到現在休假都還想創作。,創作者 / 藝術
187,30-40歲,F,建築師／室內設計師,Q1,被迫適應者 Forced Adapters,辭掉憂鬱到需要看醫生的教職，在民宿咖啡店打工2-3年。被一位好老闆願意教。最窮的那天跟媽媽借三千塊，結果同一天拿到兩百萬支票。即使找到喜歡的事，過程也不一定順遂。,設計 / 美學
188,30-40歲,,自我探索建議,Q3,熱情追尋者 Passionate Seekers,建議從小side project開始、疊加技能、找讓自己進入心流的事。問自己：什麼事我願意免費做而且做得超棒？執行力很重要。,探索中 / 尚未定義
189,20歲以下,,嘻哈舞者,Q3,熱情追尋者 Passionate Seekers,從小喜歡畫畫和跳舞。正在準備去荷蘭做街舞文化交流，想讓更多人了解HIPHOP。,探索中 / 尚未定義
190,30-40歲,,道教修行者,Q4,意外發現者 Accidental Naturals,去廟裡上香，師父看見後追著父母說要收他為徒。師父夢到要找的徒弟長相跟他一模一樣。,探索中 / 尚未定義
191,20歲以下,F,美甲師,Q3,熱情追尋者 Passionate Seekers,19歲愛上美甲，全職至今11年。,設計 / 美學
192,30-40歲,,放射師,Q4,意外發現者 Accidental Naturals,花很久才發現自己沒天賦就是普通人，所以選了穩定的放射師工作。,探索中 / 尚未定義
193,30-40歲,,大病後的自我發現,Q1,被迫適應者 Forced Adapters,重大疾病後被迫安靜發呆，慢慢與自己獨處。發現真正想做的事，走出過去的舒適圈。先允許自己當小廢物，才能找到真正喜歡的事。,探索中 / 尚未定義
194,30-40歲,F,美甲師,Q3,熱情追尋者 Passionate Seekers,30出頭接觸美甲，發現可以連續工作16小時還想繼續創作。確認自己真的很愛。,設計 / 美學
195,20-30歲,,咖啡師,Q3,熱情追尋者 Passionate Seekers,21歲時知道咖啡可以做一輩子。,餐飲 / 生活
196,40歲以上,F,幼教老師,Q4,意外發現者 Accidental Naturals,學了很多才藝覺得跟工作無關，50歲才定下來做幼教，發現那些才藝全都成為幼教的資源。,教育 / 顧問
197,20歲以下,,（幽默虛構）時間操控者,Q4,意外發現者 Accidental Naturals,12歲發現能控制時間流。目前大乘期，上班能暫停時間進行精神穿越。（搞笑留言）,探索中 / 尚未定義
198,30-40歲,F,職涯諮詢師／自媒體創作者,Q3,熱情追尋者 Passionate Seekers,34歲才決定相信諮詢是天賦，全職投入職涯諮詢和自媒體。目前還無法完全支撐生活。,創作者 / 藝術
199,40歲以上,,終身創作者,Q3,熱情追尋者 Passionate Seekers,一直以為自己沒有美術天分。20幾歲開始創作，專注好幾年。40歲了工作還是跟創作設計有關。,創作者 / 藝術
200,20-30歲,F,塔羅牌師,Q4,意外發現者 Accidental Naturals,22歲失戀沒事做買了塔羅牌，意外的有點準就繼續做。,靈性 / 命理
201,20歲以下,M,國際獲獎設計師,Q3,熱情追尋者 Passionate Seekers,7歲夢想去法國唸設計，24歲到巴黎。39歲已獲200多個國際獎項、60多國展覽、擔任多國客座教授。選就算遇到困難還是會去做的事，那才是真愛。,設計 / 美學
202,30-40歲,,療癒天賦發現者,Q4,意外發現者 Accidental Naturals,30幾歲發現自己有療癒天賦，學各種療癒工具都很快上手。學生時期就是大家的聆聽者。,探索中 / 尚未定義
203,20-30歲,,消防員,Q3,熱情追尋者 Passionate Seekers,老師建議用刪去法找方向。多方嘗試後因消防替代役踏入消防員領域，快十年了。,探索中 / 尚未定義
204,20歲以下,M,美髮師（澳洲開店）,Q3,熱情追尋者 Passionate Seekers,從小喜歡搞頭髮，高中開始學剪髮。34歲在澳洲經營六人團隊美髮店。目標95歲當全世界最後的手工理髮師。,創業 / 商業
205,30-40歲,F,獨立設計師,Q3,熱情追尋者 Passionate Seekers,30歲後大跳轉離開不適合的環境。收入不穩會懷疑人生，但在接案過程中更清楚自己適合什麼。,設計 / 美學
206,20-30歲,F,清潔達人,Q4,意外發現者 Accidental Naturals,從小投入最多的是清潔，看著環境乾淨覺得很有成就。20歲開始幫囤積症嚴重型雇主整理，持續五年多。認為老天給了這個能力一定有用處。,餐飲 / 生活
207,20-30歲,F,英文老師／身心靈療癒師,Q3,熱情追尋者 Passionate Seekers,從小喜歡聲音和英文。大學讀法律做法務，後來回到教英文和法文。也成為療癒師和動物溝通師。不需要為自己設限，認真體驗每個當下。,教育 / 顧問
208,20歲以下,F,音樂劇演員,Q3,熱情追尋者 Passionate Seekers,從小喜歡芭蕾和看故事書。16歲愛上音樂劇，18歲考上美國音樂學院。非常突然但感覺命中注定。,創作者 / 藝術
209,20歲以下,,插畫家／塔羅牌師,Q3,熱情追尋者 Passionate Seekers,有記憶以來就在畫圖。某天增加了塔羅牌。解牌有趣時就去畫圖，非常滿足。,創作者 / 藝術
210,20-30歲,F,元辰宮諮詢師,Q4,意外發現者 Accidental Naturals,28歲從大陸回台遇到疫情，人生跌到谷底。去找畫畫老師做元辰宮時決定這就是她要的。做了上千客戶、教了快50位學生。,醫療 / 心理
211,20-30歲,F,手作量產達人,Q4,意外發現者 Accidental Naturals,發現自己專注手工可以一整天像小型工廠批量生產。車衣服、做耳環、戒指，教一次就能量產。,手作 / 工藝
212,20-30歲,,行銷企劃,Q4,意外發現者 Accidental Naturals,大學畢業發現做研究很不行，但很擅長寫摘要和把研究成果有趣地解釋給別人。退學後進了行銷企劃領域，做得非常開心。,探索中 / 尚未定義
213,30-40歲,M,塔羅占星師（腦性麻痺患者）,Q1,被迫適應者 Forced Adapters,腦性麻痺患者，21歲發現對人的情緒和命運有異常敏銳的感知力。當過特教老師，那段經歷成為做命理諮詢時最獨特的養分。從發現天賦到以此為生走了15年。,靈性 / 命理
214,30-40歲,,賣場排貨愛好者,Q4,意外發現者 Accidental Naturals,最近發現很愛排貨，看到凌亂的商品就會幫忙整理。準備去做協銷人員。,探索中 / 尚未定義
215,20-30歲,,編劇,Q4,意外發現者 Accidental Naturals,24歲發現自己寫的劇本反應不錯，27歲成為編劇。,創作者 / 藝術
216,30-40歲,,創業者,Q3,熱情追尋者 Passionate Seekers,33歲選擇創業，沒有把握只有堅持。回頭看都是值得。,創業 / 商業
217,20歲以下,M,程式工程師,Q3,熱情追尋者 Passionate Seekers,12歲在電腦教室學做網站，沒有社群媒體的年代只是想被看見。後來成為賺錢工具和職業。,工程 / 科技
218,20-30歲,F,美甲師／品牌創辦人,Q3,熱情追尋者 Passionate Seekers,22歲學美甲，23歲開工作室，25歲開店，31歲創立品牌。,設計 / 美學
219,20-30歲,M,投資者,Q4,意外發現者 Accidental Naturals,28歲讀了巴菲特的信，發現自己天生不從眾。疫情期間油價跌到負數時重倉出擊，賺超過10倍。,金融 / 投資
220,40歲以上,,40歲仍在尋找,Q3,熱情追尋者 Passionate Seekers,40歲了還在找。質疑100%投入和天賦的概念。覺得知道自己不要什麼、有70%想投入的事就很棒了。,探索中 / 尚未定義
221,30-40歲,F,小吃店老闆,Q1,被迫適應者 Forced Adapters,原本是上班族不會煮菜，被迫接手家裡小吃店。做了七年多，意外發現對數字計算有天份，靠此渡過資金危機。跟自己之前設定的人生天差地遠。,創業 / 商業
222,20歲以下,M,金融／自學投資者,Q2,策略轉型者 Strategic Pivoters,18歲大學落榜，試過修車餐飲等各種基層工作。自學金融考到證照，25歲資產突破5000萬。驅動力是窮怕了跟想學的心。,金融 / 投資
223,20歲以下,M,影像處理專家,Q3,熱情追尋者 Passionate Seekers,10-11歲就覺得自己天生吃影像處理的飯，學習過程沒有遲疑。到現在還是覺得自己是吃這行飯的料。,影音 / 媒體
224,30-40歲,,陶藝家轉社工,Q3,熱情追尋者 Passionate Seekers,從小知道陶藝天賦，當職業十幾年。兩年前放棄陶藝當社工。偶爾想起創作就偷偷哭，但看到需要服務的人又覺得熱血沸騰。,手作 / 工藝
225,20歲以下,F,甜點師／蛋糕裝飾師,Q3,熱情追尋者 Passionate Seekers,國小五年級立志當廚師，因身高限制轉做甜點。意外發現蛋糕裝飾的美感突然開竅。34歲創業11年，從工作室到店面一步步堅持。,探索中 / 尚未定義
226,30-40歲,M,職涯探索者,Q3,熱情追尋者 Passionate Seekers,20-30歲在同一家公司做了十年，第一年就想換。花了十年觀察，30歲辭職讀書兩年認識自己。第二份工作做了14年。「了解自己」是最重要的功課。,探索中 / 尚未定義
227,20歲以下,F,鋼琴老師／音樂教授,Q4,意外發現者 Accidental Naturals,3歲就能無師自通彈卡通歌曲。但第一個老師不專業，浪費了多年。後來找到好老師才走上正軌。琴齡26年，教學14年。,創作者 / 藝術
228,30-40歲,,YouTube創作者,Q3,熱情追尋者 Passionate Seekers,36歲開了YouTube，一開始不能連續看鏡頭一分鐘。不是天賦而是興趣加上持續努力。找到市場需求後也找到客戶。,創作者 / 藝術
229,30-40歲,,反對將熱情當職業,Q3,熱情追尋者 Passionate Seekers,建議找50%投入就能養活自己的工作，剩下時間做熱愛的事。把100%願意付出的事當工作會消磨意志和熱情。,探索中 / 尚未定義
230,30-40歲,,四環匯聚框架,Q3,熱情追尋者 Passionate Seekers,提出找到天賦＋深度興趣＋過去職業累積＋商業價值的四環匯聚點。那就是100%可投入、有錢賺、不累、帶來平靜的事。,探索中 / 尚未定義
231,30-40歲,F,攝影師（熱情項目）,Q3,熱情追尋者 Passionate Seekers,從大學畢業就熱愛攝影，創業擺攤接案但收入不穩。34歲夢想還不能成為主要收入，但發現特別喜歡建築攝影。真心熱愛就夠了。,創作者 / 藝術
232,30-40歲,,供應鏈／金融研究,Q3,熱情追尋者 Passionate Seekers,從小喜歡商業和創業。進入科技業供應鏈再到金融研究，快15年了。不是天賦但很能熬，吃苦當吃補。,金融 / 投資
233,20-30歲,,27歲找到方向,Q3,熱情追尋者 Passionate Seekers,27歲發現方向，30歲才真正領悟。相信持續嘗試就會找到，過程中一定有轉捩點。,探索中 / 尚未定義
234,20-30歲,,28歲轉職探索中,Q3,熱情追尋者 Passionate Seekers,28歲一樣迷惑，辭掉安逸工作挑戰技術工作。希望意外開發天賦。,探索中 / 尚未定義
235,30-40歲,M,軟體工程師／遊戲開發者,Q3,熱情追尋者 Passionate Seekers,大學讀法文差點被二一。重考念資工第一學期就拿書卷獎。現在是AI公司資深架構師，最近還迷上獨立開發遊戲。,工程 / 科技
236,30-40歲,F,手工飾品設計師,Q1,被迫適應者 Forced Adapters,從政府單位離職因環境惡劣和職場霸凌。現在做手工飾品，自己設計製作，獲得很多成就感和快樂。希望能順利當正職。,設計 / 美學
237,30-40歲,M,跑者／競賽選手,Q3,熱情追尋者 Passionate Seekers,因焦慮症開始走路放鬆，越走越多越跑越快。開始有教練招手和跑友贊助。不確定生意回復後還會不會這樣訓練。,探索中 / 尚未定義
238,30-40歲,F,CAD設計師,Q2,策略轉型者 Strategic Pivoters,29歲輪班工作搞壞身體。想回到小時候的插畫夢，但發現沒有想像力了。轉學CAD，31歲對新領域越來越有興趣。,設計 / 美學
239,20-30歲,F,健身愛好者,Q3,熱情追尋者 Passionate Seekers,在最糟糕的生活狀態時開始重訓，找回健康和笑容。特別愛深蹲：開心蹲、生氣蹲、發洩蹲。訓練是跟身體對話。,探索中 / 尚未定義
240,20-30歲,F,消防員／研究生,Q3,熱情追尋者 Passionate Seekers,教授建議嘗試來學到不想要什麼。因消防替代役踏入消防員領域快十年，正在努力拿第二個碩士。,探索中 / 尚未定義
241,20歲以下,F,花藝師,Q3,熱情追尋者 Passionate Seekers,16歲發現對手工花藝很喜歡，選了職校。現在全職花藝。,探索中 / 尚未定義
242,30-40歲,,鼓勵性反思,Q3,熱情追尋者 Passionate Seekers,正在困惑表示沒有停止尋找。不一定有天賦也沒關係，選擇有含金量的專業，有錢才能有選擇。,探索中 / 尚未定義
243,40歲以上,F,母親（作為天賦）,Q4,意外發現者 Accidental Naturals,43歲一事無成什麼都不會。但孩子出現狀況時能第一時間出現、知道如何陪伴和接住。自我學習並當好媽媽就是唯一的天賦。,探索中 / 尚未定義
244,30-40歲,,和平生活追求者,Q3,熱情追尋者 Passionate Seekers,33歲過後不想委屈心過活。接近40歲對這個概念更清晰，但很難找到理念相似的同行者。,探索中 / 尚未定義
245,20歲以下,F,芳療師,Q3,熱情追尋者 Passionate Seekers,媽媽40歲從秘書轉芳療。從小看芳療書，10歲就決定走這條路。經歷波折後35歲回到個人工作室。,探索中 / 尚未定義
246,20歲以下,F,瑜珈老師,Q1,被迫適應者 Forced Adapters,小時候考舞蹈班被刷掉。19歲學瑜珈，25歲在頂級瑜珈教室實習。後來台灣超級巨星都成為她的學生。,教育 / 顧問
247,20歲以下,F,鋼琴老師,Q4,意外發現者 Accidental Naturals,6歲就能聽過的音樂完整彈出來。但遇到不專業的啟蒙老師浪費好幾年。現在教大學音樂，強調好老師比天賦更重要。,教育 / 顧問
248,30-40歲,F,轉職成功的教師,Q4,意外發現者 Accidental Naturals,一輩子討厭老師立志不當老師。但從小學起就在黑板教數學、當數學小老師。40歲才醒悟教育是命中注定的事。,探索中 / 尚未定義
249,40歲以上,,持續探索者,Q3,熱情追尋者 Passionate Seekers,快40歲了每天還在挖掘潛能。20歲回想幼稚園畫畫進入心流的經驗，決定學設計。到現在還在發現新的可能性。,探索中 / 尚未定義
250,20-30歲,,Etsy店主,Q3,熱情追尋者 Passionate Seekers,今年開了Etsy小店。34歲仍可以探索，少跟別人比較，最重要的是開心。,創業 / 商業
251,30-40歲,F,等待中的伴侶,Q3,熱情追尋者 Passionate Seekers,37歲還沒找到方向。看著先生26歲荒唐到36歲開竅，不急。,探索中 / 尚未定義
252,20-30歲,M,自媒體／政治倡議者,Q3,熱情追尋者 Passionate Seekers,2024年發現台灣社群藍白紅聲量遠超台派，決定投入自媒體。漸漸了解人生方向。,影音 / 媒體
253,20歲以下,,（搞笑）龜派氣功,Q4,意外發現者 Accidental Naturals,6歲看七龍珠學龜派氣功，把牆打穿了一個洞。從此知道此生注定是武道家。（幽默留言）,探索中 / 尚未定義
254,30-40歲,,自我探索哲學,Q3,熱情追尋者 Passionate Seekers,認為沒有人天生知道天賦，只能試錯和沉澱。要允許自己因錯誤選擇付出代價，只要覺得朝著想要的方向走就好。,探索中 / 尚未定義
255,20-30歲,F,業務,Q4,意外發現者 Accidental Naturals,28歲才知道自己是當業務的料。之前覺得低聲下氣丟臉。快窮死的時候發現彈性上班又賺錢的日子才是自己要的。,探索中 / 尚未定義
256,40歲以上,F,照顧者,Q4,意外發現者 Accidental Naturals,43歲因緣際會考了保母證照，在特教學校照顧特教生。發現適合照顧和幫助人的職業。不管幾歲開始都不算晚。,探索中 / 尚未定義
257,30-40歲,M,半導體創業者,Q1,被迫適應者 Forced Adapters,被合夥人捲款，變賣所有房產賠償客戶和員工。從零開始扛螺絲、物流拉貨、每天只睡四到六小時。幾年後重新開公司，現在在竹科有近百坪商辦。,工程 / 科技
258,20歲以下,F,英文老師,Q4,意外發現者 Accidental Naturals,9歲在補習班看到英文老師閃閃發光。但掙扎到26歲才決定當老師。建議用「想過的生活」來看職業比較準確。,教育 / 顧問
259,40歲以上,F,韓文老師／口譯,Q3,熱情追尋者 Passionate Seekers,41歲跑去韓國進修韓文，班上都是20幾歲。開始教韓文、做口譯。不知道天賦是什麼，但順流相信每一步都是最好的安排。,教育 / 顧問
260,20-30歲,,廣告行銷老手,Q4,意外發現者 Accidental Naturals,從小有天馬行空想法和創意思維。很早接觸網路，加上大學念傳播，畢業後一直做廣告行銷社群。累積投放過的廣告費大概快十億。,探索中 / 尚未定義
261,30-40歲,F,身心靈療癒者,Q4,意外發現者 Accidental Naturals,31歲發現在療癒身心靈有很大天賦。每天都在學習和安排新事物，目標推廣到全世界。,探索中 / 尚未定義
262,20-30歲,F,空中瑜珈／鉤針老師,Q3,熱情追尋者 Passionate Seekers,28歲同時接觸空中瑜珈和鉤針，都轉化為教學事業。,教育 / 顧問
263,30-40歲,,戶外產業工作者,Q2,策略轉型者 Strategic Pivoters,36.7歲從餐飲業轉職戶外產業。起因只是想完成台灣人必做三件事之一的爬山。做了覺得有趣就一路做到44歲。,運動 / 戶外
264,40歲以上,F,母親,Q4,意外發現者 Accidental Naturals,43歲覺得一事無成什麼都不會。但孩子出狀況時能第一時間出現、陪伴、接住。自學當好媽媽就是唯一天賦。,探索中 / 尚未定義
265,30-40歲,,追求和平的生活者,Q3,熱情追尋者 Passionate Seekers,33歲後不想委屈自己，接近40歲理念更清晰但仍不容易，很難找到同路人。,探索中 / 尚未定義
266,30-40歲,F,肉桂捲斜槓,Q4,意外發現者 Accidental Naturals,34歲左右買到很貴但只能填牙縫的肉桂捲，開始自己做。意外變成斜槓。,多元斜槓
267,30-40歲,M,廣告導演,Q3,熱情追尋者 Passionate Seekers,軍官轉創業開影像公司。前兩年吃老本，後來靠自學和自媒體做了五年越來越穩。現在過的就是夢想中的日子。,影音 / 媒體
268,30-40歲,M,法理建國倡議者,Q3,熱情追尋者 Passionate Seekers,2020年底知道台灣地位未定，開始投入倡議法理建國。做倡議不能支持生活支出，但可以支持繼續過生活的意義。,探索中 / 尚未定義
269,30-40歲,F,花藝師（從電商轉職）,Q1,被迫適應者 Forced Adapters,電商工作15年，親近的下屬輕生讓她走不出來半年。接觸花藝被療癒，35歲決定投入。覺得老天會鋪一條路。,創業 / 商業
270,20-30歲,M,網路行銷創業者,Q3,熱情追尋者 Passionate Seekers,21歲買車經營社群，意外發現網路行銷。大學就月入六位數。嘗試上班族發現不適合，回歸自由工作模式。,創業 / 商業
271,20-30歲,F,游泳教練／課後老師,Q4,意外發現者 Accidental Naturals,高中打工覺得基本薪資不公平，開始探索高時薪的教學工作。發現喜歡教學，從沒想過功課不好也能當老師。,教育 / 顧問
272,20歲以下,,料理天才,Q4,意外發現者 Accidental Naturals,7歲第一次炒飯成功，沒人教過，完全看電視偶像劇學的。,餐飲 / 生活
273,30-40歲,M,魔術師轉咖啡師,Q3,熱情追尋者 Passionate Seekers,原本是魔術師但收入不穩。想開數碼寶貝咖啡廳但不懂咖啡，所以進入咖啡業。做了八年還沒完成夢想但學到了技能。,餐飲 / 生活
274,30-40歲,M,一人公司老闆／吉他老師,Q3,熱情追尋者 Passionate Seekers,35歲一邊上班一邊一人創業一邊教吉他。從50萬資本做到年營業額4000萬、五人公司。沒什麼天賦，只想照顧好同事和家人。,教育 / 顧問
275,20-30歲,F,美容師,Q3,熱情追尋者 Passionate Seekers,家裡希望讀理科但她愛文組和美容。轉做美容師沒餓死，雖然不到100%支撐生活但很快樂。,設計 / 美學
276,20歲以下,F,音樂人（進行中）,Q3,熱情追尋者 Passionate Seekers,15歲因為愛唱歌出國學音樂。多年後收入不穩、常常懷疑，但還是在堅持路上。,創作者 / 藝術
277,20-30歲,M,健身房老闆,Q3,熱情追尋者 Passionate Seekers,從健身想變瘦變成興趣，再變成教練和老闆。發現要的是使命感——幫學生改變體態看到他們微笑比賺錢更快樂。,創業 / 商業
278,30-40歲,,蛋糕裝飾愛好者,Q3,熱情追尋者 Passionate Seekers,快35歲還在困惑，今年發現喜歡抹蛋糕。不確定會喜歡多久，但往美的方向應該不會錯。,探索中 / 尚未定義
279,20-30歲,M,資安工程師,Q3,熱情追尋者 Passionate Seekers,20歲學Coding意外學會做Hacker，現在幫大大小小公司做網絡安全測試。120%熱誠。,工程 / 科技
280,20-30歲,M,美髮設計師,Q3,熱情追尋者 Passionate Seekers,小時候想當導演，17歲當汽修，23歲開模型店虧錢，24歲做房仲，25歲學美髮。29歲覺得終於找到最有熱情的工作。,設計 / 美學
281,30-40歲,F,美髮設計師／沙龍老闆,Q3,熱情追尋者 Passionate Seekers,15歲愛上做頭髮，被好的設計師和店長鼓勵栽培。從業19年，29歲開了自己的美髮店。,設計 / 美學
282,30-40歲,,健身持續者,Q3,熱情追尋者 Passionate Seekers,沒什麼天賦但持續運動。起因是喜歡的衣服穿不下了，後來養成習慣。做久了就不累了。,探索中 / 尚未定義
283,30-40歲,,供應鏈／金融專家,Q3,熱情追尋者 Passionate Seekers,從高中就喜歡商業。進入科技業供應鏈再到金融研究，快15年。不是天賦但很能熬。,金融 / 投資
284,20-30歲,,方向發現者,Q3,熱情追尋者 Passionate Seekers,27歲發現方向，30歲真正領悟。相信遭遇和轉捩點會帶來答案。,探索中 / 尚未定義
285,20-30歲,,轉職探索者,Q3,熱情追尋者 Passionate Seekers,28歲離開安逸工作選擇挑戰技術工作，希望開發天賦。,探索中 / 尚未定義
286,20-30歲,F,故事行銷專家,Q4,意外發現者 Accidental Naturals,29歲發現自己蠻喜歡故事行銷且銷售成績不錯，找了理念相符的公司一直做下去。幸運找到自己的sparkle。,探索中 / 尚未定義
287,20-30歲,F,手作寵物飾品,Q3,熱情追尋者 Passionate Seekers,從小就很會做手作。好奇一綑毛線怎麼做出東西就開始研究自學，到現在可以發明自己的商品。,手作 / 工藝
288,30-40歲,,意外發展的興趣,Q4,意外發現者 Accidental Naturals,意外接觸有興趣的東西就繼續研究，找到了兩個領域，中後期都變現到能當工作的程度。,探索中 / 尚未定義
